-- Test data
INSERT INTO public.types (id, timestamp, name)
VALUES ('00000000-0000-0000-0001-000000000001'::uuid, '2000-01-01 00:00:00.000001 +00:00', 'Thing 1 v1'),
       ('00000000-0000-0000-0001-000000000002'::uuid, '2000-01-01 00:00:00.000001 +00:00', 'Thing 2 v1'),
       ('00000000-0000-0000-0001-000000000003'::uuid, '2000-01-01 00:00:00.000001 +00:00', 'Thing 3 v2'),
       ('00000000-0000-0000-0001-000000000004'::uuid, '2000-01-01 00:00:00.000001 +00:00', 'Thing 4 v1');

INSERT INTO public.type_descriptions (type_id, description)
VALUES ('00000000-0000-0000-0001-000000000001'::uuid, 'Thing 1 description'),
       ('00000000-0000-0000-0001-000000000002'::uuid, 'Thing 2 description'),
       ('00000000-0000-0000-0001-000000000003'::uuid, 'Thing 3 description'),
       ('00000000-0000-0000-0001-000000000004'::uuid, 'Thing 4 description');

INSERT INTO public.devices (id, timestamp, type)
VALUES ('00000000-0000-0000-0002-000000000001'::uuid, '2000-01-01 00:00:00.000001 +00:00', '00000000-0000-0000-0001-000000000001'::uuid),
       ('00000000-0000-0000-0002-000000000002'::uuid, '2000-01-01 00:00:00.000001 +00:00', '00000000-0000-0000-0001-000000000001'::uuid),
       ('00000000-0000-0000-0002-000000000003'::uuid, '2000-01-01 00:00:00.000001 +00:00', '00000000-0000-0000-0001-000000000002'::uuid),
       ('00000000-0000-0000-0002-000000000004'::uuid, '2000-01-01 00:00:00.000001 +00:00', '00000000-0000-0000-0001-000000000003'::uuid);

INSERT INTO public.nodes (id, timestamp, client, device, name)
VALUES ('00000000-0000-0000-0003-000000000001'::uuid, '2000-01-01 00:00:00.000001 +00:00', '00000000-0000-0000-0000-000000000000'::uuid, '00000000-0000-0000-0002-000000000002'::uuid, 'Node 1'),
       ('00000000-0000-0000-0003-000000000002'::uuid, '2000-01-01 00:00:00.000001 +00:00', '00000000-0000-0000-0000-000000000000'::uuid, '00000000-0000-0000-0002-000000000003'::uuid, 'Node 2'),
       ('00000000-0000-0000-0003-000000000003'::uuid, '2000-01-01 00:00:00.000001 +00:00', '00000000-0000-0000-0000-000000000000'::uuid, '00000000-0000-0000-0002-000000000004'::uuid, 'Node 3');
